{
    "elpd_waic": -138.40704019833356,
    "elpd_waic_se": 5.325380859668002,
    "p_waic": 2.5094215869903564
}
