{
    "elpd_waic": -95.65842283936217,
    "elpd_waic_se": 4.6163421421395565,
    "p_waic": 2.3421177864074707
}
