{
    "elpd_waic": -129.8471968015656,
    "elpd_waic_se": 6.329181679942836,
    "p_waic": 3.1005163192749023
}
